fr;vi;Class;Ranking
bonjour;Chào;nom / danh từ;0
au revoir;Tạm biệt;;0
merci;Cảm ơn;nom / danh từ;0
de rien;Không có gì;;0
et;Và;conjonction /  liên hợp;1
être;là;verbe / động từ;2
avoir;để có;verbe / động từ;3
ne;sinh;adverbe / trạng từ;4
que;cái đó;conjonction / liên hợp;5
pas;không;adverbe / trạng từ;6
faire;làm;verbe / động từ;7
plus;hơn;adverbe / trạng từ;8
dire;nói;verbe / động từ;9
comme;như;conjonction / liên hợp;10
mais;Nhưng;conjonction / liên hợp;11
pouvoir;quyền lực;verbe / động từ;12
tout;Tất cả;adjectif / tính từ;13
aller;đi;verbe / động từ;14
voir;nhìn thấy;verbe / động từ;15
bien;tốt;adverbe / trạng từ;16
ou;Hoặc;conjonction / liên hợp;17
homme;người đàn ông;nom / danh từ;18
si;nếu như;adverbe / trạng từ;19
deux;hai;nombre / con số;0
mari;chồng;nom / danh từ;21
vouloir;muốn;verbe / động từ;22
femme;phụ nữ;nom / danh từ;23
venir;đến;verbe / động từ;24
quand;Khi;conjonction / liên hợp;25
grand;to lớn;adjectif / tính từ;26
si;nếu như;conjonction / liên hợp;27
devoir;nhiệm vụ;verbe / động từ;28
là;ở đó;adverbe / trạng từ;29
jour;ngày;nom / danh từ;30
prendre;lấy;verbe / động từ;31
même;thậm chí;adverbe / trạng từ;32
tout;Tất cả;adverbe / trạng từ;33
encore;Lại;adverbe / trạng từ;34
petit;nhỏ bé;adjectif / tính từ;35
aussi;Cũng;adverbe / trạng từ;36
mer;biển;nom / danh từ;37
trouver;tìm thấy;verbe / động từ;38
donner;đưa cho;verbe / động từ;39
temps;thời gian;nom / danh từ;40
peu;nhỏ bé;adverbe / trạng từ;41
même;thậm chí;adjectif / tính từ;42
falloir;cần;verbe / động từ;43
parler;nói chuyện;verbe / động từ;44
alors;vì thế;adverbe / trạng từ;45
main;tay;nom / danh từ;46
chose;điều;nom / danh từ;47
mettre;đặt;verbe / động từ;48
vie;mạng sống;nom / danh từ;49
savoir;biết;verbe / động từ;50
yeux;mắt;nom / danh từ;51
passer;vượt qua;verbe / động từ;52
autre;khác;adjectif / tính từ;53
regarder;Nhìn;verbe / động từ;54
toujours;luôn luôn;adverbe / trạng từ;55
puis;Sau đó;conjonction / liên hợp;56
jamais;Không bao giờ;adverbe / trạng từ;57
aimer;thích;verbe / động từ;58
non;không;adverbe / trạng từ;59
heure;giờ;nom / danh từ;60
croire;tin tưởng;verbe / động từ;61
cent;trăm;nombre / con số;0
monde;thế giới;nom / danh từ;63
donc;vậy nên;conjonction / liên hợp;64
enfant;đứa trẻ;nom / danh từ;65
fois;lần;nom / danh từ;66
seul;một mình;adjectif / tính từ;67
demander;hỏi;verbe / động từ;68
jeune;trẻ;adjectif / tính từ;69
très;rất;adverbe / trạng từ;70
moment;chốc lát;nom / danh từ;71
rester;ở lại;verbe / động từ;72
répondre;trả lời;verbe / động từ;73
entendre;nghe;verbe / động từ;74
tête;cái đầu;nom / danh từ;75
père;bố;nom / danh từ;76
fille;con gái;nom / danh từ;77
mille;nghìn;nombre / con số;0
premier;Đầu tiên;adjectif / tính từ;79
car;bởi vì;conjonction / liên hợp;80
ni;không;conjonction / liên hợp;81
bon;Tốt;adjectif / tính từ;82
trois;ba;nombre / con số;0
coeur;trái tim;nom / danh từ;84
ainsi;Do đó;adverbe / trạng từ;85
an;năm;nom / danh từ;86
quatre;bốn;nombre / con số;0
terre;trái đất;nom / danh từ;88
dieu;Chúa;nom / danh từ;89
monsieur;Thưa ngài;nom / danh từ;90
voix;tiếng nói;nom / danh từ;91
penser;nghĩ;verbe / động từ;92
quel;Gì;adjectif / tính từ;93
arriver;đến;verbe / động từ;94
maison;Căn nhà;nom / danh từ;95
onze;mười một;nombre / con số;0
treize;mười ba;nombre / con số;0
quatorze;mười bốn;nombre / con số;0
seize;mười sáu;nombre / con số;0
dix-sept;mười bảy;nombre / con số;0
dix-huit;mười tám;nombre / con số;0
dix-neuf;mười chín;nombre / con số;0
soixante;sáu mươi;nombre / con số;0
soixante-dix;bảy mươi;nombre / con số;0
quatre-vingts;tám mươi;nombre / con số;0
Quatre-vingt-dix;Chín mươi;nombre / con số;0
mille;nghìn;nombre / con số;0
coup;cắt;nom / danh từ;108
beau;xinh đẹp;adjectif / tính từ;109
connaître;để biết;verbe / động từ;110
devenir;trở nên;verbe / động từ;111
air;không khí;nom / danh từ;112
mot;từ;nom / danh từ;113
nuit;đêm;nom / danh từ;114
eau;Nước;nom / danh từ;115
sentir;cảm thấy;verbe / động từ;116
vieux;cũ;adjectif / tính từ;117
sembler;có vẻ;verbe / động từ;118
moins;ít hơn;adverbe / trạng từ;119
tenir;giữ;verbe / động từ;120
ici;đây;adverbe / trạng từ;121
comprendre;để hiểu;verbe / động từ;122
oui;Đúng;adverbe / trạng từ;123
rendre;đóng góp lại;verbe / động từ;124
vingt;hai mươi;nombre / con số;0
attendre;chờ đợi;verbe / động từ;126
sortir;đi ra ngoài;verbe / động từ;127
ami;bạn bè;nom / danh từ;128
trop;quá nhiều;adverbe / trạng từ;129
porte;cửa;nom / danh từ;130
amour;yêu;nom / danh từ;131
déjà;Đã;adverbe / trạng từ;132
pied;chân;nom / danh từ;133
tant;rất nhiều;adverbe / trạng từ;134
gens;mọi người;nom / danh từ;135
parce que;bởi vì;conjonction / liên hợp;136
nom;tên;nom / danh từ;137
vivre;sống;verbe / động từ;138
entrer;đi vào;verbe / động từ;139
reprendre;để tiếp tục;verbe / động từ;140
porter;mang theo;verbe / động từ;141
pays;quốc gia;nom / danh từ;142
ciel;bầu trời;nom / danh từ;143
frère;anh trai;nom / danh từ;144
regard;cái nhìn thoáng qua;nom / danh từ;145
chercher;tìm kiếm;verbe / động từ;146
âme;linh hồn;nom / danh từ;147
côté;bên;nom / danh từ;148
mort;chết;nom / danh từ;149
enfin;Cuối cùng;adverbe / trạng từ;150
revenir;để quay lại;verbe / động từ;151
noir;đen;adjectif / tính từ;152
esprit;tinh thần;nom / danh từ;153
maintenant;hiện tại;adverbe / trạng từ;154
nouveau;mới;adjectif / tính từ;155
ville;thành phố;nom / danh từ;156
rue;Đường phố;nom / danh từ;157
appeler;gọi;verbe / động từ;158
soir;buổi tối;nom / danh từ;159
chambre;phòng ngủ;nom / danh từ;160
mourir;chết;verbe / động từ;161
pas;không;nom / danh từ;162
partir;rời khỏi;verbe / động từ;163
cinq;năm;nombre / con số;0
soleil;mặt trời;nom / danh từ;165
dernier;cuối cùng;adjectif / tính từ;166
jeter;ném;verbe / động từ;167
dix;mười;nombre / con số;0
roi;nhà vua;nom / danh từ;169
état;tình trạng;nom / danh từ;170
corps;thân hình;nom / danh từ;171
beaucoup;nhiều;adverbe / trạng từ;172
suivre;theo;verbe / động từ;173
bras;cánh tay;nom / danh từ;174
écrire;để viết;verbe / động từ;175
blanc;trắng;adjectif / tính từ;176
montrer;để hiển thị;verbe / động từ;177
tomber;rơi xuống;verbe / động từ;178
place;địa điểm;nom / danh từ;179
ouvrir;mở;verbe / động từ;180
parti;buổi tiệc;nom / danh từ;181
assez;đủ;adverbe / trạng từ;182
cher;Kính thưa;adjectif / tính từ;183
année;năm;nom / danh từ;184
loin;xa;adverbe / trạng từ;185
point;điểm;adverbe / trạng từ;186
visage;khuôn mặt;nom / danh từ;187
bruit;tiếng ồn;nom / danh từ;188
lettre;thư;nom / danh từ;189
franc;franc;nom / danh từ;190
fond;đáy;nom / danh từ;191
force;sức mạnh;nom / danh từ;192
effet;tác dụng;nom / danh từ;193
arrêter;Dừng lại;verbe / động từ;194
perdre;thua;verbe / động từ;195
commencer;để bắt đầu;verbe / động từ;196
paraître;xuất hiện;verbe / động từ;197
marcher;đi bộ;verbe / động từ;198
milieu;trung bình;nom / danh từ;199
saint;thánh;nom / danh từ;200
idée;ý tưởng;nom / danh từ;201
presque;hầu hết;adverbe / trạng từ;202
ailleurs;nơi khác;adverbe / trạng từ;203
travail;công việc;nom / danh từ;204
lumière;ánh sáng;nom / danh từ;205
long;dài;adjectif / tính từ;206
seulement;chỉ một;adverbe / trạng từ;207
mois;tháng;nom / danh từ;208
fils;con trai;nom / danh từ;209
neuf;chín;nombre / con số;0
lever;thang máy;verbe / động từ;211
raison;lý do;nom / danh từ;212
gouvernement;chính phủ;nom / danh từ;213
permettre;cho phép;verbe / động từ;214
pauvre;nghèo;adjectif / tính từ;215
asseoir;ngồi;verbe / động từ;216
point;điểm;nom / danh từ;217
plein;đầy;adjectif / tính từ;218
personne;người;nom / danh từ;219
vrai;đúng;adjectif / tính từ;220
peuple;mọi người;nom / danh từ;221
fait;LÀM;nom / danh từ;222
parole;từ;nom / danh từ;223
guerre;chiến tranh;nom / danh từ;224
toute;tất cả;adjectif / tính từ;225
écouter;Nghe;verbe / động từ;226
pensée;nghĩ;nom / danh từ;227
affaire;chuyện tình;nom / danh từ;228
matin;Buổi sáng;nom / danh từ;229
pierre;đá;nom / danh từ;230
monter;đi lên;verbe / động từ;231
bas;xuống;adjectif / tính từ;232
vent;gió;nom / danh từ;233
doute;nghi ngờ;nom / danh từ;234
front;trán;nom / danh từ;235
ombre;bóng tối;nom / danh từ;236
part;phần;nom / danh từ;237
maître;bậc thầy;nom / danh từ;238
aujourd'hui;Hôm nay;adverbe / trạng từ;239
besoin;nhu cầu;nom / danh từ;240
question;câu hỏi;nom / danh từ;241
apercevoir;để nhận thấy;verbe / động từ;242
recevoir;nhận được;verbe / động từ;243
mieux;tốt hơn;adverbe / trạng từ;244
peine;phạt;nom / danh từ;245
tour;tròn;nom / danh từ;246
servir;phục vụ;verbe / động từ;247
autour;xung quanh;adverbe / trạng từ;248
finir;hoàn thành;verbe / động từ;249
famille;gia đình;nom / danh từ;250
pourquoi;Tại sao;conjonction / liên hợp;251
souvent;thường;adverbe / trạng từ;252
rire;cười;verbe / động từ;253
dessus;bên trên;adverbe / trạng từ;254
madame;Bà;nom / danh từ;255
sorte;loại;nom / danh từ;256
figure;nhân vật;nom / danh từ;257
droit;Phải;nom / danh từ;258
peur;nỗi sợ;nom / danh từ;259
bout;kết thúc;nom / danh từ;260
lieu;địa điểm;nom / danh từ;261
silence;im lặng;nom / danh từ;262
gros;mập;adjectif / tính từ;263
chef;trưởng;nom / danh từ;264
six;sáu;nombre / con số;0
bois;uống;nom / danh từ;266
mari;chồng;nom / danh từ;267
histoire;lịch sử;nom / danh từ;268
crier;hét lên;verbe / động từ;269
jouer;chơi;verbe / động từ;270
feu;ngọn lửa;nom / danh từ;271
tourner;xoay;verbe / động từ;272
doux;mềm mại;adjectif / tính từ;273
longtemps;một thời gian dài;adverbe / trạng từ;274
fort;mạnh;adverbe / trạng từ;275
heureux;vui mừng;adjectif / tính từ;276
comme;như;adverbe / trạng từ;277
garder;giữ;verbe / động từ;278
partie;phần;nom / danh từ;279
face;khuôn mặt;nom / danh từ;280
mouvement;sự chuyển động;nom / danh từ;281
fin;KẾT THÚC;nom / danh từ;282
reconnaître;nhận ra;verbe / động từ;283
quitter;rời đi;verbe / động từ;284
comment;Làm sao;adverbe / trạng từ;285
route;đường;nom / danh từ;286
manger;ăn;verbe / động từ;287
livre;sách;nom / danh từ;288
arbre;CÂY;nom / danh từ;289
courir;chạy;verbe / động từ;290
cas;trường hợp;nom / danh từ;291
huit;tám;nombre / con số;0
lorsque;khi;conjonction / liên hợp;293
mur;tường;nom / danh từ;294
ordre;đặt hàng;nom / danh từ;295
continuer;Tiếp tục;verbe / động từ;296
est;Phía đông;nom / danh từ;297
bonheur;niềm hạnh phúc;nom / danh từ;298
oublier;quên;verbe / động từ;299
descendre;xuống;verbe / động từ;300
haut;cao;adjectif / tính từ;301
intérêt;quan tâm;nom / danh từ;302
cacher;trốn;verbe / động từ;303
profond;sâu;adjectif / tính từ;304
argent;tiền bạc;nom / danh từ;305
cause;gây ra;nom / danh từ;306
poser;đặt xuống;verbe / động từ;307
autant;nhiều như vậy;adverbe / trạng từ;308
travers;bởi vì;nom / danh từ;309
grand;to lớn;nom / danh từ;310
instant;lập tức;nom / danh từ;311
façon;đường;nom / danh từ;312
d'abord;đầu tiên;adverbe / trạng từ;313
oeil;mắt;nom / danh từ;314
tirer;kéo;verbe / động từ;315
forme;hình dạng;nom / danh từ;316
présenter;để trình bày;verbe / động từ;317
ajouter;thêm vào;verbe / động từ;318
agir;hành động;verbe / động từ;319
retrouver;tìm thấy;verbe / động từ;320
chemin;con đường;nom / danh từ;321
cheveu;tóc;nom / danh từ;322
offrir;để cung cấp;verbe / động từ;323
surtout;Trên hết;adverbe / trạng từ;324
plaisir;vinh hạnh;nom / danh từ;325
suite;tiếp theo;nom / danh từ;326
apprendre;học hỏi;verbe / động từ;327
tuer;giết;verbe / động từ;328
rouge;màu đỏ;adjectif / tính từ;329
sang;máu;nom / danh từ;330
retourner;trở lại;verbe / động từ;331
rencontrer;gặp;verbe / động từ;332
sentiment;cảm giác;nom / danh từ;333
fleur;hoa;nom / danh từ;334
cependant;Tuy nhiên;adverbe / trạng từ;335
service;dịch vụ;nom / danh từ;336
envoyer;gửi;verbe / động từ;337
table;bàn;nom / danh từ;338
vite;nhanh;adverbe / trạng từ;339
paix;hòa bình;nom / danh từ;340
moyen;trung bình;nom / danh từ;341
dormir;ngủ;verbe / động từ;342
pousser;xô;verbe / động từ;343
lit;giường;nom / danh từ;344
humain;nhân loại;adjectif / tính từ;345
voiture;xe hơi;nom / danh từ;346
rappeler;nhắc lại;verbe / động từ;347
être;là;nom / danh từ;348
lire;đọc;verbe / động từ;349
général;tổng quan;adjectif / tính từ;350
nature;thiên nhiên;nom / danh từ;351
or;vàng;nom / danh từ;352
pouvoir;quyền lực;nom / danh từ;353
nouveau;mới;nom / danh từ;354
français;tiếng Pháp;adjectif / tính từ;355
joie;vui sướng;nom / danh từ;356
sept;bảy;nombre / con số;0
tard;muộn;adverbe / trạng từ;358
président;chủ tịch;nom / danh từ;359
pourtant;Chưa;adverbe / trạng từ;360
bouche;miệng;nom / danh từ;361
changer;để thay đổi;verbe / động từ;362
petit;nhỏ bé;nom / danh từ;363
essayer;để thử;verbe / động từ;364
froid;lạnh lẽo;adjectif / tính từ;365
compter;đếm;verbe / động từ;366
occuper;chiếm đóng;verbe / động từ;367
sens;giác quan;nom / danh từ;368
cri;khóc;nom / danh từ;369
espèce;giống loài;nom / danh từ;370
expliquer;giải thích;verbe / động từ;371
cheval;ngựa;nom / danh từ;372
loi;pháp luật;nom / danh từ;373
sombre;tối tăm;adjectif / tính từ;374
ci;đây;adverbe / trạng từ;375
sûr;TRÊN;adjectif / tính từ;376
ancien;cổ đại;adjectif / tính từ;377
tandis que;trong khi;conjonction / liên hợp;378
frapper;đánh;verbe / động từ;379
ministre;bộ trưởng;nom / danh từ;380
puisque;từ;conjonction / liên hợp;381
travailler;để làm việc;verbe / động từ;382
propre;sở hữu;adjectif / tính từ;383
obtenir;lấy;verbe / động từ;384
rentrer;trở lại;verbe / động từ;385
mal;sai;adverbe / trạng từ;386
pleurer;khóc;verbe / động từ;387
répéter;lặp lại;verbe / động từ;388
société;Công ty;nom / danh từ;389
parfois;Thỉnh thoảng;adverbe / trạng từ;390
politique;chính sách;nom / danh từ;391
oreille;tai;nom / danh từ;392
payer;chi trả;verbe / động từ;393
politique;chính sách;adjectif / tính từ;394
apporter;mang đến;verbe / động từ;395
fenêtre;cửa sổ;nom / danh từ;396
possible;khả thi;adjectif / tính từ;397
fortune;vận may;nom / danh từ;398
compte;tài khoản;nom / danh từ;399
champ;cánh đồng;nom / danh từ;400
manier;xử lý;nom / danh từ;401
vraiment;Thật sự;adverbe / trạng từ;402
immense;bao la;adjectif / tính từ;403
exister;hiện hữu;verbe / động từ;404
action;hoạt động;nom / danh từ;405
boire;uống;verbe / động từ;406
public;khán giả;adjectif / tính từ;407
garçon;con trai;nom / danh từ;408
pareil;Giống nhau;adjectif / tính từ;409
bleu;màu xanh da trời;adjectif / tính từ;410
exemple;ví dụ;nom / danh từ;411
sourire;nụ cười;verbe / động từ;412
couleur;màu sắc;nom / danh từ;413
coucher;ngủ;verbe / động từ;414
papier;giấy;nom / danh từ;415
mal;sai;nom / danh từ;416
fort;mạnh;adjectif / tính từ;417
bientôt;Sớm;adverbe / trạng từ;418
causer;gây ra;verbe / động từ;419
pièce;cái;nom / danh từ;420
montagne;núi;nom / danh từ;421
sol;đất;nom / danh từ;422
oeuvre;tác phẩm nghệ thuật;nom / danh từ;423
partout;khắp mọi nơi;adverbe / trạng từ;424
trente;ba mươi;nombre / con số;0
cours;khóa học;nom / danh từ;426
raconter;kể;verbe / động từ;427
serrer;để ép;verbe / động từ;428
songer;nghĩ;verbe / động từ;429
désir;sự mong muốn;nom / danh từ;430
manquer;cô;verbe / động từ;431
cour;tòa án;nom / danh từ;432
nommer;bổ nhiệm;verbe / động từ;433
bord;bờ rìa;nom / danh từ;434
douleur;nỗi đau;nom / danh từ;435
conduire;lái xe;verbe / động từ;436
salle;phòng;nom / danh từ;437
saisir;để nhập;verbe / động từ;438
premier;Đầu tiên;nom / danh từ;439
comment;Làm sao;conjonction / liên hợp;440
entier;toàn bộ;adjectif / tính từ;441
projet;dự án;nom / danh từ;442
demeurer;duy trì;verbe / động từ;443
simple;đơn giản;adjectif / tính từ;444
étude;học;nom / danh từ;445
remettre;để đặt lại;verbe / động từ;446
journal;báo;nom / danh từ;447
geste;cử chỉ;nom / danh từ;448
disparaître;biến mất;verbe / động từ;449
battre;tiết tấu;verbe / động từ;450
toucher;chạm vào;verbe / động từ;451
situation;tình huống;nom / danh từ;452
oiseau;chim;nom / danh từ;453
nécessaire;cần thiết;adjectif / tính từ;454
siècle;thế kỷ;nom / danh từ;455
apparaître;xuất hiện;verbe / động từ;456
souffrir;chịu đựng;verbe / động từ;457
million;triệu;nom / danh từ;458
prix;giá;nom / danh từ;459
groupe;ban nhạc;nom / danh từ;460
centre;trung tâm;nom / danh từ;461
malheur;bất hạnh;nom / danh từ;462
honneur;tôn kính;nom / danh từ;463
fermer;đóng;verbe / động từ;464
accepter;chấp nhận;verbe / động từ;465
garde;bảo vệ;nom / danh từ;466
mauvais;xấu;adjectif / tính từ;467
tendre;mềm;verbe / động từ;468
naître;được sinh ra;verbe / động từ;469
sauver;cứu;verbe / động từ;470
problème;vấn đề;nom / danh từ;471
larme;xé;nom / danh từ;472
avancer;tiến về phía trước;verbe / động từ;473
chien;chó;nom / danh từ;474
peau;da;nom / danh từ;475
reste;ở lại;nom / danh từ;476
traverser;để băng qua;verbe / động từ;477
nombre;con số;nom / danh từ;478
debout;đứng;adverbe / trạng từ;479
mesure;đo lường;nom / danh từ;480
social;xã hội;adjectif / tính từ;481
souvenir;ký ức;verbe / động từ;482
article;bài báo;nom / danh từ;483
vue;xem;nom / danh từ;484
couvrir;che phủ;verbe / động từ;485
âge;tuổi;nom / danh từ;486
gagner;kiếm;verbe / động từ;487
système;hệ thống;nom / danh từ;488
long;dài;nom / danh từ;489
former;hình thức;verbe / động từ;490
plaire;để làm hài lòng;verbe / động từ;491
effort;cố gắng;nom / danh từ;492
embrasser;hôn;verbe / động từ;493
rêve;mơ;nom / danh từ;494
oser;dám;verbe / động từ;495
passion;niềm đam mê;nom / danh từ;496
empêcher;để ngăn chặn;verbe / động từ;497
rapport;báo cáo;nom / danh từ;498
refuser;từ chối;verbe / động từ;499
important;quan trọng;adjectif / tính từ;500
décider;quyết định;verbe / động từ;501
produire;sản xuất;verbe / động từ;502
soldat;lính;nom / danh từ;503
lèvre;môi;nom / danh từ;504
signe;dấu hiệu;nom / danh từ;505
vérité;sự thật;nom / danh từ;506
charger;trọng tải;verbe / động từ;507
mariage;kết hôn;nom / danh từ;508
mêler;trộn;verbe / động từ;509
certain;chắc chắn;adjectif / tính từ;510
espérer;mong;verbe / động từ;511
plan;kế hoạch;nom / danh từ;512
cesser;ngưng;verbe / động từ;513
ressembler;trông giống như;verbe / động từ;514
dos;mặt sau;nom / danh từ;515
marche;đi bộ;nom / danh từ;516
souvenir;ký ức;nom / danh từ;517
dame;quý bà;nom / danh từ;518
chanter;hát;verbe / động từ;519
plutôt;thay vì;adverbe / trạng từ;520
conseil;khuyên bảo;nom / danh từ;521
sou;đồng;nom / danh từ;522
triste;buồn;adjectif / tính từ;523
coin;góc;nom / danh từ;524
jardin;vườn;nom / danh từ;525
joli;đẹp;adjectif / tính từ;526
soit;hoặc;conjonction / liên hợp;527
doigt;ngón tay;nom / danh từ;528
objet;sự vật;nom / danh từ;529
fer;sắt;nom / danh từ;530
lendemain;ngày hôm sau;nom / danh từ;531
lentement;chậm;adverbe / trạng từ;532
combien;Bao nhiêu;adverbe / trạng từ;533
approcher;tiếp cận;verbe / động từ;534
prier;cầu nguyện;verbe / động từ;535
train;xe lửa;nom / danh từ;536
papa;bố;nom / danh từ;537
différent;khác biệt;adjectif / tính từ;538
valeur;giá trị;nom / danh từ;539
jeu;trò chơi;nom / danh từ;540
échapper;bỏ trốn;verbe / động từ;541
glisser;cầu trượt;verbe / động từ;542
secret;bí mật;nom / danh từ;543
haut;cao;nom / danh từ;544
vieillard;ông già;nom / danh từ;545
briller;chiếu sáng;verbe / động từ;546
docteur;bác sĩ;nom / danh từ;547
brûler;cháy;verbe / động từ;548
terrible;kinh khủng;adjectif / tính từ;549
placer;địa điểm;verbe / động từ;550
ton;của bạn;nom / danh từ;551
jambe;chân;nom / danh từ;552
juger;phán xét;verbe / động từ;553
suffire;đủ;verbe / động từ;554
endroit;địa điểm;nom / danh từ;555
minute;phút;nom / danh từ;556
atteindre;với tới;verbe / động từ;557
nuage;đám mây;nom / danh từ;558
présence;sự hiện diện;nom / danh từ;559
fou;điên rồ;adjectif / tính từ;560
épaule;vai;nom / danh từ;561
léger;ánh sáng;adjectif / tính từ;562
feuille;lá cây;nom / danh từ;563
liberté;tự do;nom / danh từ;564
journée;ban ngày;nom / danh từ;565
libre;miễn phí;adjectif / tính từ;566
annoncer;thông báo;verbe / động từ;567
avenir;tương lai;nom / danh từ;568
sourire;nụ cười;nom / danh từ;569
hier;Hôm qua;adverbe / trạng từ;570
résultat;kết quả;nom / danh từ;571
élever;nâng lên;verbe / động từ;572
acheter;mua;verbe / động từ;573
mener;tiến hành;verbe / động từ;574
préparer;chuẩn bị;verbe / động từ;575
pourquoi;Tại sao;adverbe / trạng từ;576
hôtel;khách sạn;nom / danh từ;577
semaine;tuần;nom / danh từ;578
forêt;rừng;nom / danh từ;579
assurer;đảm bảo;verbe / động từ;580
pur;nguyên chất;adjectif / tính từ;581
qualité;chất lượng;nom / danh từ;582
prince;hoàng tử;nom / danh từ;583
bien;TỐT;nom / danh từ;584
également;Mà còn;adverbe / trạng từ;585
deviner;đoán;verbe / động từ;586
médecin;bác sĩ;nom / danh từ;587
considérer;coi như;verbe / động từ;588
volonté;sẽ;nom / danh từ;589
seigneur;chúa tể;nom / danh từ;590
quelque;một số;adverbe / trạng từ;591
vert;Màu xanh lá;adjectif / tính từ;592
art;nghệ thuật;nom / danh từ;593
moindre;ít hơn;adjectif / tính từ;594
demain;Ngày mai;adverbe / trạng từ;595
quarante;bốn mươi;nombre / con số;0
cinquante;năm mươi;nombre / con số;0
foule;đám đông;nom / danh từ;598
appartenir;thuộc về;verbe / động từ;599
aussitôt;ngay lập tức;adverbe / trạng từ;600
ligne;đường kẻ;nom / danh từ;601
représenter;đại diện;verbe / động từ;602
tromper;lừa dối;verbe / động từ;603
intérieur;nội thất;nom / danh từ;604
vendre;bán;verbe / động từ;605
beauté;sắc đẹp;nom / danh từ;606
riche;giàu có;adjectif / tính từ;607
craindre;sợ hãi;verbe / động từ;608
étrange;số lẻ;adjectif / tính từ;609
emporter;mua mang về;verbe / động từ;610
ensuite;Kế tiếp;adverbe / trạng từ;611
soin;chăm sóc;nom / danh từ;612
naturel;tự nhiên;adjectif / tính từ;613
hasard;cơ hội;nom / danh từ;614
puis;Sau đó;adverbe / trạng từ;615
condition;tình trạng;nom / danh từ;616
quinze;mười lăm;nombre / con số;0
classe;lớp học;nom / danh từ;618
voyage;hành trình;nom / danh từ;619
expression;sự biểu lộ;nom / danh từ;620
présent;đây;nom / danh từ;621
caractère;tính cách;nom / danh từ;622
ensemble;cùng nhau;adverbe / trạng từ;623
attention;chú ý;nom / danh từ;624
gris;xám;adjectif / tính từ;625
exprimer;thể hiện;verbe / động từ;626
or;vàng;conjonction / liên hợp;627
rouler;lăn;verbe / động từ;628
faible;yếu đuối;adjectif / tính từ;629
posséder;sở hữu;verbe / động từ;630
scène;bối cảnh;nom / danh từ;631
difficile;khó;adjectif / tính từ;632
français;tiếng Pháp;nom / danh từ;633
réveiller;thức dậy;verbe / động từ;634
foi;sự tin tưởng;nom / danh từ;635
aider;giúp đỡ;verbe / động từ;636
découvrir;phát hiện;verbe / động từ;637
odeur;mùi;nom / danh từ;638
choisir;chọn;verbe / động từ;639
musique;âm nhạc;nom / danh từ;640
oncle;chú;nom / danh từ;641
événement;sự kiện;nom / danh từ;642
prononcer;phát âm;verbe / động từ;643
village;làng bản;nom / danh từ;644
taire;im lặng;verbe / động từ;645
envie;ghen tỵ;nom / danh từ;646
midi;buổi trưa;nom / danh từ;647
herbe;cỏ;nom / danh từ;648
vieux;cũ;nom / danh từ;649
pluie;cơn mưa;nom / danh từ;650
près;đóng;adverbe / trạng từ;651
bas;xuống;nom / danh từ;652
rêver;mơ;verbe / động từ;653
appuyer;nhấn;verbe / động từ;654
étendre;mở rộng;verbe / động từ;655
après;Sau đó;adverbe / trạng từ;656
général;tổng quan;nom / danh từ;657
lutte;đấu tranh;nom / danh từ;658
trembler;run rẩy;verbe / động từ;659
réponse;trả lời;nom / danh từ;660
grâce;duyên dáng;nom / danh từ;661
espace;không gian;nom / danh từ;662
habitude;thói quen;nom / danh từ;663
défendre;phòng vệ;verbe / động từ;664
existence;sự tồn tại;nom / danh từ;665
mémoire;ký ức;nom / danh từ;666
créer;tạo nên;verbe / động từ;667
grave;nghiêm trọng;adjectif / tính từ;668
maintenir;duy trì;verbe / động từ;669
verre;thủy tinh;nom / danh từ;670
campagne;chiến dịch;nom / danh từ;671
juge;phán xét;nom / danh từ;672
genou;đầu gối;nom / danh từ;673
impossible;không thể nào;adjectif / tính từ;674
fête;buổi tiệc;nom / danh từ;675
indiquer;biểu thị;verbe / động từ;676
prêt;sẵn sàng;adjectif / tính từ;677
promettre;hứa;verbe / động từ;678
relever;để chỉ ra;verbe / động từ;679
abandonner;bỏ cuộc;verbe / động từ;680
ignorer;phớt lờ;verbe / động từ;681
large;rộng;adjectif / tính từ;682
parent;cha mẹ;nom / danh từ;683
colère;sự tức giận;nom / danh từ;684
étoile;ngôi sao;nom / danh từ;685
devoir;nhiệm vụ;nom / danh từ;686
conscience;nhận thức;nom / danh từ;687
accompagner;để kèm theo;verbe / động từ;688
immobile;bất động;adjectif / tính từ;689
adresser;Địa chỉ;verbe / động từ;690
observer;quan sát;verbe / động từ;691
juste;chỉ;adjectif / tính từ;692
puissance;quyền lực;nom / danh từ;693
matière;vấn đề;nom / danh từ;694
sable;cát;nom / danh từ;695
séparer;chia;verbe / động từ;696
marier;kết hôn;verbe / động từ;697
prévoir;mong đợi;verbe / động từ;698
vivant;còn sống;adjectif / tính từ;699
accord;hiệp định;nom / danh từ;700
hiver;mùa đông;nom / danh từ;701
retour;mặt sau;nom / danh từ;702
autrefois;trước đây;adverbe / trạng từ;703
genre;giới tính;nom / danh từ;704
vif;sống động;adjectif / tính từ;705
amener;để mang đến;verbe / động từ;706
obliger;bắt buộc;verbe / động từ;707
acte;hành động;nom / danh từ;708
image;hình ảnh;nom / danh từ;709
horizon;chân trời;nom / danh từ;710
éclairer;chiếu sáng;verbe / động từ;711
poursuivre;theo đuổi;verbe / động từ;712
danger;nguy hiểm;nom / danh từ;713
livrer;giao;verbe / động từ;714
rôle;vai trò;nom / danh từ;715
escalier;cầu thang;nom / danh từ;716
goût;nếm;nom / danh từ;717
bête;quái thú;nom / danh từ;718
recherche;nghiên cứu;nom / danh từ;719
membre;thành viên;nom / danh từ;720
pain;bánh mỳ;nom / danh từ;721
phrase;câu;nom / danh từ;722
contenir;bao gồm;verbe / động từ;723
rire;cười;nom / danh từ;724
fuir;bỏ chạy;verbe / động từ;725
couler;để chảy;verbe / động từ;726
terme;thuật ngữ;nom / danh từ;727
eaux;nước;nom / danh từ;728
en;thành;adverbe / trạng từ;729
moyen;trung bình;adjectif / tính từ;730
police;cảnh sát;nom / danh từ;731
rocher;đá;nom / danh từ;732
proposer;đề xuất;verbe / động từ;733
tranquille;điềm tĩnh;adjectif / tính từ;734
unique;độc nhất;adjectif / tính từ;735
éprouver;kinh nghiệm;verbe / động từ;736
retenir;giữ lại;verbe / động từ;737
type;loại;nom / danh từ;738
vin;rượu;nom / danh từ;739
supérieur;thượng đẳng;adjectif / tính từ;740
attacher;gắn;verbe / động từ;741
voler;bay;verbe / động từ;742
sec;khô;adjectif / tính từ;743
entraîner;xe lửa;verbe / động từ;744
justice;công lý;nom / danh từ;745
époque;kỷ nguyên;nom / danh từ;746
passage;đoạn văn;nom / danh từ;747
somme;tổng;nom / danh từ;748
science;khoa học;nom / danh từ;749
surprendre;sự ngạc nhiên;verbe / động từ;750
côte;bên;nom / danh từ;751
doucement;nhẹ nhàng;adverbe / trạng từ;752
gauche;BÊN TRÁI;nom / danh từ;753
faute;sai lầm;nom / danh từ;754
école;trường học;nom / danh từ;755
bon;Tốt;nom / danh từ;756
ensemble;cùng nhau;nom / danh từ;757
rayon;bán kính;nom / danh từ;758
briser;phá vỡ;verbe / động từ;759
sujet;chủ thể;nom / danh từ;760
imaginer;tưởng tượng;verbe / động từ;761
diriger;trực tiếp;verbe / động từ;762
douze;mười hai;nombre / con số;0
dernier;cuối cùng;nom / danh từ;764
avis;để ý;nom / danh từ;765
parvenir;đạt được;verbe / động từ;766
ouvert;mở;adjectif / tính từ;767
pénétrer;đi vào;verbe / động từ;768
poète;nhà thơ;nom / danh từ;769
meilleur;tốt nhất;adjectif / tính từ;770
paysan;nông dân;nom / danh từ;771
remarquer;để nhận xét;verbe / động từ;772
chair;thịt;nom / danh từ;773
éviter;tránh xa;verbe / động từ;774
soudain;đột nhiên;adverbe / trạng từ;775
succès;thành công;nom / danh từ;776
île;hòn đảo;nom / danh từ;777
établir;thành lập;verbe / động từ;778
réussir;thành công;verbe / động từ;779
pencher;độ nghiêng;verbe / động từ;780
habiter;sống;verbe / động từ;781
entourer;bao quanh;verbe / động từ;782
déclarer;để thông báo;verbe / động từ;783
détail;chi tiết;nom / danh từ;784
arme;vũ trang;nom / danh từ;785
réalité;thực tế;nom / danh từ;786
confiance;lòng tin;nom / danh từ;787
masse;khối;nom / danh từ;788
crise;khủng hoảng;nom / danh từ;789
étonner;ngạc nhiên;verbe / động từ;790
poste;công việc;nom / danh từ;791
dresser;xe lửa;verbe / động từ;792
durer;cuối cùng;verbe / động từ;793
depuis;Từ;adverbe / trạng từ;794
faux;giả mạo;adjectif / tính từ;795
fixer;sửa chữa;verbe / động từ;796
énorme;to lớn;adjectif / tính từ;797
principe;nguyên tắc;nom / danh từ;798
direction;phương hướng;nom / danh từ;799
taille;kích cỡ;nom / danh từ;800
désirer;sự mong muốn;verbe / động từ;801
santé;sức khỏe;nom / danh từ;802
ventre;bụng;nom / danh từ;803
marché;đi bộ;nom / danh từ;804
entrée;cổng vào;nom / danh từ;805
puissant;mạnh mẽ;adjectif / tính từ;806
simplement;đơn giản;adverbe / trạng từ;807
environ;khoảng;adverbe / trạng từ;808
tellement;như là;adverbe / trạng từ;809
arracher;xé bỏ;verbe / động từ;810
soutenir;duy trì;verbe / động từ;811
couper;cắt;verbe / động từ;812
trou;hố;nom / danh từ;813
examiner;nghiên cứu;verbe / động từ;814
inconnu;không rõ;adjectif / tính từ;815
pont;cầu;nom / danh từ;816
lune;mặt trăng;nom / danh từ;817
dehors;ngoài;adverbe / trạng từ;818
certes;chắc chắn;adverbe / trạng từ;819
beaux;xinh đẹp;adjectif / tính từ;820
robe;đầm;nom / danh từ;821
douter;nghi ngờ;verbe / động từ;822
retirer;rút;verbe / động từ;823
cesse;chấm dứt;nom / danh từ;824
brusquement;đột nhiên;adverbe / trạng từ;825
source;nguồn;nom / danh từ;826
espoir;mong;nom / danh từ;827
camarade;đồng chí;nom / danh từ;828
dent;răng;nom / danh từ;829
connaissance;nhận thức;nom / danh từ;830
cou;cổ;nom / danh từ;831
but;mục tiêu;nom / danh từ;832
promener;đi dạo;verbe / động từ;833
vague;sóng;nom / danh từ;834
élément;yếu tố;nom / danh từ;835
fil;chủ đề;nom / danh từ;836
voie;đường;nom / danh từ;837
nez;mũi;nom / danh từ;838
forcer;lực lượng;verbe / động từ;839
particulier;cụ thể;adjectif / tính từ;840
discours;lời nói;nom / danh từ;841
maladie;bệnh;nom / danh từ;842
chaleur;nhiệt;nom / danh từ;843
gloire;vinh quang;nom / danh từ;844
vide;trống;adjectif / tính từ;845
revoir;tạm biệt;verbe / động từ;846
aide;giúp đỡ;nom / danh từ;847
début;bắt đầu;nom / danh từ;848
ennemi;kẻ thù;nom / danh từ;849
second;thứ hai;adjectif / tính từ;850
aile;cánh;nom / danh từ;851
flamme;ngọn lửa;nom / danh từ;852
chaise;ghế;nom / danh từ;853
lourd;nặng;adjectif / tính từ;854
sein;nhũ hoa;nom / danh từ;855
véritable;đúng;adjectif / tính từ;856
toit;mái nhà;nom / danh từ;857
remplir;đổ đầy;verbe / động từ;858
terminer;để kết thúc;verbe / động từ;859
vaste;rộng lớn;adjectif / tính từ;860
nu;trần truồng;adjectif / tính từ;861
poussière;bụi;nom / danh từ;862
nord;phía bắc;nom / danh từ;863
tenter;cố gắng;verbe / động từ;864
émotion;cảm xúc;nom / danh từ;865
un;MỘT;nombre / con số;0
remonter;quay trở lại;verbe / động từ;867
révolution;cuộc cách mạng;nom / danh từ;868
théâtre;nhà hát;nom / danh từ;869
armée;quân đội;nom / danh từ;870
court;ngắn;adjectif / tính từ;871
noir;đen;nom / danh từ;872
appartement;căn hộ;nom / danh từ;873
semblable;tương tự;adjectif / tính từ;874
installer;cài đặt;verbe / động từ;875
haine;ghét;nom / danh từ;876
jeune;trẻ;nom / danh từ;877
position;chức vụ;nom / danh từ;878
seconde;thứ hai;nom / danh từ;879
frais;chi phí;adjectif / tính từ;880
appel;gọi;nom / danh từ;881
soulever;nâng lên;verbe / động từ;882
allumer;để thắp sáng;verbe / động từ;883
imposer;áp đặt;verbe / động từ;884
avant;Trước;adverbe / trạng từ;885
respirer;thở;verbe / động từ;886
arrière;mặt sau;nom / danh từ;887
baisser;thấp hơn;verbe / động từ;888
droite;PHẢI;nom / danh từ;889
poitrine;ngực;nom / danh từ;890
mort;chết;adjectif / tính từ;891
jeunesse;thiếu niên;nom / danh từ;892
bureau;bàn làm việc;nom / danh từ;893
sac;cái túi;nom / danh từ;894
étranger;người lạ;adjectif / tính từ;895
courage;lòng can đảm;nom / danh từ;896
souffler;thổi;verbe / động từ;897
jaune;màu vàng;adjectif / tính từ;898
page;trang;nom / danh từ;899
étranger;người lạ;nom / danh từ;900
etc;vân vân;adverbe / trạng từ;901
miser;đặt cược;nom / danh từ;902
passé;vượt qua;nom / danh từ;903
rapide;nhanh;adjectif / tính từ;904
digne;xứng đáng;adjectif / tính từ;905
chaud;nóng;adjectif / tính từ;906
propos;đề xuất;nom / danh từ;907
attirer;thu hút;verbe / động từ;908
prêter;cho mượn;verbe / động từ;909
clair;thông thoáng;adjectif / tính từ;910
amuser;Chúc bạn vui vẻ;verbe / động từ;911
occasion;dịp;nom / danh từ;912
voile;màn che;nom / danh từ;913
éclater;nổ;verbe / động từ;914
importance;tầm quan trọng;nom / danh từ;915
quartier;hàng xóm;nom / danh từ;916
auteur;tác giả;nom / danh từ;917
religion;tôn giáo;nom / danh từ;918
palais;cung điện;nom / danh từ;919
réunir;tập trung;verbe / động từ;920
traiter;để điều trị;verbe / động từ;921
engager;đính hôn;verbe / động từ;922
flot;trôi nổi;nom / danh từ;923
intelligence;trí thông minh;nom / danh từ;924
tantôt;Thỉnh thoảng;adverbe / trạng từ;925
voisin;hàng xóm;nom / danh từ;926
carte;bản đồ;nom / danh từ;927
secret;bí mật;adjectif / tính từ;928
animal;động vật;nom / danh từ;929
été;mùa hè;nom / danh từ;930
traîner;đi chơi;verbe / động từ;931
cabinet;văn phòng;nom / danh từ;932
morceau;cái;nom / danh từ;933
employer;sử dụng;verbe / động từ;934
capable;có thể;adjectif / tính từ;935
souffrance;đau khổ;nom / danh từ;936
marquer;đánh dấu;verbe / động từ;937
prouver;chứng minh;verbe / động từ;938
importer;nhập khẩu;verbe / động từ;939
titre;tiêu đề;nom / danh từ;940
désert;sa mạc;nom / danh từ;941
facile;dễ;adjectif / tính từ;942
spectacle;trình diễn;nom / danh từ;943
exiger;yêu cầu;verbe / động từ;944
reposer;để nghỉ ngơi;verbe / động từ;945
départ;sự khởi hành;nom / danh từ;946
fier;tự hào;adjectif / tính từ;947
danser;để nhảy múa;verbe / động từ;948
demande;lời yêu cầu;nom / danh từ;949
saluer;chào hỏi;verbe / động từ;950
lueur;ánh sáng;nom / danh từ;951
joue;vở kịch;nom / danh từ;952
saint;thánh;adjectif / tính từ;953
accorder;đồng ý;verbe / động từ;954
prière;lời cầu nguyện;nom / danh từ;955
achever;hoàn thành;verbe / động từ;956
avouer;thú nhận với;verbe / động từ;957
distinguer;phân biệt;verbe / động từ;958
emmener;mua mang về;verbe / động từ;959
fonction;chức năng;nom / danh từ;960
haut;cao;adverbe / trạng từ;961
aspect;vẻ bề ngoài;nom / danh từ;962
sommeil;ngủ;nom / danh từ;963
éclat;ánh sáng;nom / danh từ;964
moitié;một nửa;nom / danh từ;965
demi;một nửa;adjectif / tính từ;966
calme;điềm tĩnh;adjectif / tính từ;967
contraire;đối diện;nom / danh từ;968
colline;đồi;nom / danh từ;969
agiter;lắc;verbe / động từ;970
hésiter;do dự;verbe / động từ;971
terrain;đất;nom / danh từ;972
rare;hiếm;adjectif / tính từ;973
poids;cân nặng;nom / danh từ;974
sonner;nhẫn;verbe / động từ;975
changement;thay đổi;nom / danh từ;976
charge;thù lao;nom / danh từ;977
davantage;bất kỳ thêm nữa;adverbe / trạng từ;978
composer;sáng tác;verbe / động từ;979
enlever;để loại bỏ;verbe / động từ;980
poche;kho;nom / danh từ;981
rejoindre;tham gia;verbe / động từ;982
son;cô ấy;nom / danh từ;983
intérieur;nội thất;adjectif / tính từ;984
veille;ngày hôm trước;nom / danh từ;985
ramener;để mang trở lại;verbe / động từ;986
fruit;hoa quả;nom / danh từ;987
complet;hoàn thành;adjectif / tính từ;988
étudier;để học tập;verbe / động từ;989
partager;chia sẻ;verbe / động từ;990
croix;đi qua;nom / danh từ;991
suivant;tiếp theo;adjectif / tính từ;992
chasser;săn bắn;verbe / động từ;993
interrompre;ngắt;verbe / động từ;994
éloigner;di chuyển đi;verbe / động từ;995
trésor;kho báu;nom / danh từ;996
compagnie;công ty;nom / danh từ;997
étroit;chật hẹp;adjectif / tính từ;998
cuisine;phòng bếp;nom / danh từ;999
réduire;giảm bớt;verbe / động từ;1000
égal;bình đẳng;adjectif / tính từ;1001
empire;đế chế;nom / danh từ;1002
nation;Quốc gia;nom / danh từ;1003
éteindre;tắt;verbe / động từ;1004
recommencer;bắt đầu lại;verbe / động từ;1005
sauter;nhảy;verbe / động từ;1006
plaindre;phàn nàn;verbe / động từ;1007
conversation;cuộc hội thoại;nom / danh từ;1008
soirée;buổi tối;nom / danh từ;1009
violent;hung bạo;adjectif / tính từ;1010
impression;ấn tượng;nom / danh từ;1011
trait;đường kẻ;nom / danh từ;1012
devant;phía trước;adverbe / trạng từ;1013
préférer;thích hơn;verbe / động từ;1014
révéler;tiết lộ;verbe / động từ;1015
magnifique;Tuyệt vời;adjectif / tính từ;1016
désespoir;tuyệt vọng;nom / danh từ;1017
témoin;nhân chứng;nom / danh từ;1018
visite;thăm nom;nom / danh từ;1019
respect;sự tôn trọng;nom / danh từ;1020
solitude;sự cô đơn;nom / danh từ;1021
subir;trải qua;verbe / động từ;1022
delà;vượt ra;adverbe / trạng từ;1023
prochain;Kế tiếp;adjectif / tính từ;1024
anglais;Tiếng Anh;nom / danh từ;1025
rapporter;báo cáo;verbe / động từ;1026
coûter;trị giá;verbe / động từ;1027
réfléchir;để suy ngẫm về;verbe / động từ;1028
officier;sĩ quan;nom / danh từ;1029
remercier;cám ơn;verbe / động từ;1030
déposer;tiền gửi;verbe / động từ;1031
fauteuil;ghế bành;nom / danh từ;1032
fumer;hút thuốc;verbe / động từ;1033
tôt;sớm;adverbe / trạng từ;1034
affirmer;khẳng định;verbe / động từ;1035
relation;mối quan hệ;nom / danh từ;1036
fumée;khói;nom / danh từ;1037
convenir;đồng ý;verbe / động từ;1038
branche;chi nhánh;nom / danh từ;1039
malade;đau ốm;adjectif / tính từ;1040
circonstance;hoàn cảnh;nom / danh từ;1041
ouvrage;công việc;nom / danh từ;1042
compagnon;bạn đồng hành;nom / danh từ;1043
vêtir;quần áo;verbe / động từ;1044
expérience;kinh nghiệm;nom / danh từ;1045
port;cảng;nom / danh từ;1046
accomplir;hoàn thành;verbe / động từ;1047
avec;với;adverbe / trạng từ;1048
résoudre;gỡ rối;verbe / động từ;1049
plonger;lặn;verbe / động từ;1050
goutte;làm rơi;nom / danh từ;1051
chant;hát;nom / danh từ;1052
détruire;hủy hoại;verbe / động từ;1053
combat;trận đánh;nom / danh từ;1054
personnage;tính cách;nom / danh từ;1055
aventure;cuộc phiêu lưu;nom / danh từ;1056
intéresser;quan tâm;verbe / động từ;1057
disposer;xử lý;verbe / động từ;1058
absence;vắng mặt;nom / danh từ;1059
machine;máy móc;nom / danh từ;1060
chaîne;xích;nom / danh từ;1061
honte;nỗi tủi nhục;nom / danh từ;1062
fait;LÀM;adjectif / tính từ;1063
lisser;trơn tru;verbe / động từ;1064
faim;đói;nom / danh từ;1065
plaine;đơn giản;nom / danh từ;1066
verser;đổ;verbe / động từ;1067
pointe;điểm;nom / danh từ;1068
obéir;tuân theo;verbe / động từ;1069
preuve;chứng cớ;nom / danh từ;1070
éternel;vĩnh cửu;adjectif / tính từ;1071
lutter;đấu tranh chống lại;verbe / động từ;1072
prétendre;giả vờ;verbe / động từ;1073
bataille;trận đánh;nom / danh từ;1074
construire;xây dựng;verbe / động từ;1075
énergie;năng lượng;nom / danh từ;1076
victime;nạn nhân;nom / danh từ;1077
sauvage;độc ác;adjectif / tính từ;1078
soumettre;nộp;verbe / động từ;1079
usage;sử dụng;nom / danh từ;1080
peser;cân;verbe / động từ;1081
double;gấp đôi;adjectif / tính từ;1082
tache;vết bẩn;nom / danh từ;1083
guère;khắc nghiệt;adverbe / trạng từ;1084
hauteur;chiều cao;nom / danh từ;1085
troubler;đáng lo ngại;verbe / động từ;1086
tendre;mềm;adjectif / tính từ;1087
beau;xinh đẹp;nom / danh từ;1088
curiosité;sự tò mò;nom / danh từ;1089
répandre;lây lan;verbe / động từ;1090
glace;đá;nom / danh từ;1091
résister;kháng cự;verbe / động từ;1092
froid;lạnh lẽo;nom / danh từ;1093
prison;nhà tù;nom / danh từ;1094
étage;sàn nhà;nom / danh từ;1095
billet;vé;nom / danh từ;1096
droit;Phải;adjectif / tính từ;1097
sérieux;nghiêm trọng;adjectif / tính từ;1098
protéger;bảo vệ;verbe / động từ;1099
pauvre;nghèo;nom / danh từ;1100
rose;hồng;nom / danh từ;1101
enfermer;khóa;verbe / động từ;1102
attitude;thái độ;nom / danh từ;1103
dur;cứng;adjectif / tính từ;1104
mode;thời trang;nom / danh từ;1105
neuf;chín;adjectif / tính từ;1106
crainte;nỗi sợ;nom / danh từ;1107
creuser;đào;verbe / động từ;1108
grandir;để phát triển;verbe / động từ;1109
enfoncer;đẩy vào;verbe / động từ;1110
vêtement;quần áo;nom / danh từ;1111
envelopper;bọc;verbe / động từ;1112
vague;sóng;adjectif / tính từ;1113
prévenir;ngăn chặn;verbe / động từ;1114
violence;bạo lực;nom / danh từ;1115
inspirer;truyền cảm hứng;verbe / động từ;1116
inutile;vô ích;adjectif / tính từ;1117
content;vô cùng vui mừng;adjectif / tính từ;1118
courant;thông thạo;nom / danh từ;1119
folie;điên rồ;nom / danh từ;1120
pitié;lòng thương xót;nom / danh từ;1121
intention;chủ đích;nom / danh từ;1122
ramasser;nhặt lên;verbe / động từ;1123
endormir;cho ngủ;verbe / động từ;1124
inventer;phát minh;verbe / động từ;1125
trace;dấu vết;nom / danh từ;1126
toile;vải;nom / danh từ;1127
presser;vắt kiệt;verbe / động từ;1128
confier;ủy thác;verbe / động từ;1129
effacer;để xóa;verbe / động từ;1130
reculer;để quay trở lại;verbe / động từ;1131
user;người dùng;verbe / động từ;1132
blanc;trắng;nom / danh từ;1133
nourrir;để cho ăn;verbe / động từ;1134
dangereux;nguy hiểm;adjectif / tính từ;1135
poésie;thơ;nom / danh từ;1136
sommet;hội nghị thượng đỉnh;nom / danh từ;1137
remplacer;thay thế;verbe / động từ;1138
souhaiter;ước muốn;verbe / động từ;1139
avance;nâng cao;nom / danh từ;1140
autorité;thẩm quyền;nom / danh từ;1141
épais;dày;adjectif / tính từ;1142
inquiétude;lo lắng;nom / danh từ;1143
choix;sự lựa chọn;nom / danh từ;1144
tombe;ngã;nom / danh từ;1145
marchand;thương nhân;nom / danh từ;1146
nombreux;nhiều;adjectif / tính từ;1147
muet;tắt tiếng;adjectif / tính từ;1148
signer;dấu hiệu;verbe / động từ;1149
absolument;tuyệt đối;adverbe / trạng từ;1150
cercle;vòng tròn;nom / danh từ;1151
interroger;câu hỏi;verbe / động từ;1152
dominer;thống trị;verbe / động từ;1153
défaut;mặc định;nom / danh từ;1154
enfance;thời thơ ấu;nom / danh từ;1155
faveur;sự ưu ái;nom / danh từ;1156
réel;thực tế;adjectif / tính từ;1157
commander;đặt hàng;verbe / động từ;1158
supposer;cho rằng;verbe / động từ;1159
dépasser;quá;verbe / động từ;1160
sourd;điếc;adjectif / tính từ;1161
cruel;tàn nhẫn;adjectif / tính từ;1162
dimanche;Chủ nhật;nom / danh từ;1163
erreur;lỗi;nom / danh từ;1164
cerveau;não;nom / danh từ;1165
accuser;buộc tội;verbe / động từ;1166
arrivée;đến;nom / danh từ;1167
rapidement;nhanh;adverbe / trạng từ;1168
vol;chuyến bay;nom / danh từ;1169
habiller;đầm;verbe / động từ;1170
condamner;lên án;verbe / động từ;1171
lors;trong lúc;adverbe / trạng từ;1172
menacer;hăm dọa;verbe / động từ;1173
seuil;ngưỡng;nom / danh từ;1174
écraser;người mình thích;verbe / động từ;1175
perte;sự mất mát;nom / danh từ;1176
troisième;thứ ba;adjectif / tính từ;1177
chance;cơ hội;nom / danh từ;1178
vieil;cũ;adjectif / tính từ;1179
céder;để bán;verbe / động từ;1180
douceur;kẹo;nom / danh từ;1181
droite;PHẢI;adjectif / tính từ;1182
vide;trống;nom / danh từ;1183
autrement;nếu không thì;adverbe / trạng từ;1184
drôle;buồn cười;adjectif / tính từ;1185
ruine;sự đổ nát;nom / danh từ;1186
écarter;loại trừ;verbe / động từ;1187
rang;thứ hạng;nom / danh từ;1188
réclamer;khẳng định;verbe / động từ;1189
chiffre;nhân vật;nom / danh từ;1190
voisin;hàng xóm;adjectif / tính từ;1191
militaire;quân đội;adjectif / tính từ;1192
roche;đá;nom / danh từ;1193
distance;khoảng cách;nom / danh từ;1194
apparence;vẻ bề ngoài;nom / danh từ;1195
dessiner;vẽ tranh;verbe / động từ;1196
conclure;kết luận;verbe / động từ;1197
françois;François;nom / danh từ;1198
lier;liên kết;verbe / động từ;1199
discussion;cuộc thảo luận;nom / danh từ;1200
admettre;thừa nhận;verbe / động từ;1201
banc;ghế dài;nom / danh từ;1202
terreur;khủng bố;nom / danh từ;1203
attaquer;giải quyết;verbe / động từ;1204
vers;đối với;nom / danh từ;1205
respecter;sự tôn trọng;verbe / động từ;1206
rose;hồng;adjectif / tính từ;1207
silencieux;im lặng;adjectif / tính từ;1208
anglais;Tiếng Anh;adjectif / tính từ;1209
course;loài;nom / danh từ;1210
portier;người khuân vác;nom / danh từ;1211
chat;con mèo;nom / danh từ;1212
pendre;treo;verbe / động từ;1213
supporter;ủng hộ;verbe / động từ;1214
tempête;bão;nom / danh từ;1215
parfaitement;hoàn hảo;adverbe / trạng từ;1216
paysage;phong cảnh;nom / danh từ;1217
quart;một phần tư;nom / danh từ;1218
figurer;nhân vật;verbe / động từ;1219
profiter;thưởng thức;verbe / động từ;1220
accrocher;treo;verbe / động từ;1221
calmer;điềm tĩnh;verbe / động từ;1222
satisfaire;thỏa mãn;verbe / động từ;1223
public;khán giả;nom / danh từ;1224
race;giống;nom / danh từ;1225
valoir;đáng giá;verbe / động từ;1226
barbe;râu;nom / danh từ;1227
signifier;nghĩa là;verbe / động từ;1228
couche;lớp;nom / danh từ;1229
inquiéter;lo lắng;verbe / động từ;1230
colon;đại tràng;nom / danh từ;1231
désormais;Từ bây giờ trở đi;adverbe / trạng từ;1232
fidèle;trung thành;adjectif / tính từ;1233
assister;để hỗ trợ;verbe / động từ;1234
rideau;tấm màn;nom / danh từ;1235
inviter;mời;verbe / động từ;1236
déchirer;xé;verbe / động từ;1237
fatigue;Mệt mỏi;nom / danh từ;1238
risquer;rủi ro;verbe / động từ;1239
règle;cái thước kẻ;nom / danh từ;1240
gauche;BÊN TRÁI;adjectif / tính từ;1241
parcourir;duyệt;verbe / động từ;1242
présent;đây;adjectif / tính từ;1243
rejeter;miễn nhiệm;verbe / động từ;1244
naissance;sinh;nom / danh từ;1245
loup;sói;nom / danh từ;1246
renoncer;bỏ cuộc;verbe / động từ;1247
complètement;hoàn toàn;adverbe / trạng từ;1248
extraordinaire;đặc biệt;adjectif / tính từ;1249
veiller;đồng hồ;verbe / động từ;1250
transformer;biến đổi;verbe / động từ;1251
tracer;dấu vết;verbe / động từ;1252
chute;ngã;nom / danh từ;1253
divers;linh tinh;adjectif / tính từ;1254
résistance;sức chống cự;nom / danh từ;1255
contenter;để đáp ứng;verbe / động từ;1256
chemise;áo sơ mi;nom / danh từ;1257
mince;gầy;adjectif / tính từ;1258
naturellement;tự nhiên;adverbe / trạng từ;1259
siège;ghế;nom / danh từ;1260
égal;như;nom / danh từ;1261
patron;ông chủ;nom / danh từ;1262
calme;điềm tĩnh;nom / danh từ;1263
mériter;xứng đáng;verbe / động từ;1264
printemps;mùa xuân;nom / danh từ;1265
angoisse;đau khổ;nom / danh từ;1266
précipiter;kết tủa;verbe / động từ;1267
rompre;phá vỡ;verbe / động từ;1268
habitant;cư dân;nom / danh từ;1269
caresser;vuốt ve;verbe / động từ;1270
métier;công việc;nom / danh từ;1271
étouffer;kìm hãm;verbe / động từ;1272
animer;hoạt hình;verbe / động từ;1273
note;ghi chú;nom / danh từ;1274
passé;vượt qua;adjectif / tính từ;1275
fine;khỏe;adjectif / tính từ;1276
fixe;đã sửa;adjectif / tính từ;1277
casser;để phá vỡ;verbe / động từ;1278
fusil;súng;nom / danh từ;1279
rond;tròn;adjectif / tính từ;1280
agent;đại lý;nom / danh từ;1281
fonder;thành lập;verbe / động từ;1282
roman;cuốn tiểu thuyết;nom / danh từ;1283
franchir;đi qua;verbe / động từ;1284
plante;thực vật;nom / danh từ;1285
abattre;rơi;verbe / động từ;1286
discuter;bàn luận;verbe / động từ;1287
fatiguer;mệt;verbe / động từ;1288
humide;ẩm ướt;adjectif / tính từ;1289
réflexion;sự phản xạ;nom / danh từ;1290
consentir;bằng lòng;verbe / động từ;1291
accent;giọng;nom / danh từ;1292
curieux;tò mò;adjectif / tính từ;1293
repas;bữa ăn;nom / danh từ;1294
étendue;mức độ;nom / danh từ;1295
regretter;hối tiếc;verbe / động từ;1296
joindre;tham gia;verbe / động từ;1297
profondément;sâu sắc;adverbe / trạng từ;1298
secours;giải thoát;nom / danh từ;1299
commencement;bắt đầu;nom / danh từ;1300
corde;dây thừng;nom / danh từ;1301
secrétaire;thư ký;nom / danh từ;1302
vaincre;đánh bại;verbe / động từ;1303
saison;mùa;nom / danh từ;1304
précieux;quý giá;adjectif / tính từ;1305
précis;chính xác;adjectif / tính từ;1306
consulter;để tham khảo;verbe / động từ;1307
haïr;ghét;verbe / động từ;1308
repousser;đẩy lùi;verbe / động từ;1309
paupière;mí mắt;nom / danh từ;1310
certainement;chắc chắn;adverbe / trạng từ;1311
tapis;thảm;nom / danh từ;1312
noire;đen;adjectif / tính từ;1313
chasse;săn bắn;nom / danh từ;1314
exécuter;thực thi;verbe / động từ;1315
nerveux;lo lắng;adjectif / tính từ;1316
commun;chung;adjectif / tính từ;1317
exposer;phơi ra;verbe / động từ;1318
clef;chìa khóa;nom / danh từ;1319
claire;thông thoáng;adjectif / tính từ;1320
voyager;để đi du lịch;verbe / động từ;1321
haute;cao;adjectif / tính từ;1322
renverser;đổ;verbe / động từ;1323
sueur;mồ hôi;nom / danh từ;1324
âgé;tuổi;adjectif / tính từ;1325
ferme;nông trại;nom / danh từ;1326
rassurer;để trấn an;verbe / động từ;1327
retomber;lùi lại;verbe / động từ;1328
décrire;mô tả;verbe / động từ;1329
mentir;nói dối;verbe / động từ;1330
instinct;bản năng;nom / danh từ;1331
armer;cánh tay;verbe / động từ;1332
paquet;đóng gói;nom / danh từ;1333
drame;kịch;nom / danh từ;1334
absolu;tuyệt đối;adjectif / tính từ;1335
savoir;biết;nom / danh từ;1336
mine;của tôi;nom / danh từ;1337
vision;tầm nhìn;nom / danh từ;1338
étaler;lây lan;verbe / động từ;1339
sentier;con đường;nom / danh từ;1340
demain;Ngày mai;nom / danh từ;1341
beau;xinh đẹp;adverbe / trạng từ;1342
blond;tóc vàng;adjectif / tính từ;1343
essuyer;để lau chùi;verbe / động từ;1344
planche;tấm ván;nom / danh từ;1345
précéder;đi trước;verbe / động từ;1346
dehors;ngoài;nom / danh từ;1347
salut;CHÀO;nom / danh từ;1348
tâche;vết bẩn;nom / danh từ;1349
désigner;nhà thiết kế;verbe / động từ;1350
fin;KẾT THÚC;adjectif / tính từ;1351
abri;nơi trú ẩn;nom / danh từ;1352
détacher;tách rời;verbe / động từ;1353
recueillir;sưu tầm;verbe / động từ;1354
rencontre;bắt gặp;nom / danh từ;1355
croiser;đi qua;verbe / động từ;1356
entretenir;duy trì;verbe / động từ;1357
rouge;màu đỏ;nom / danh từ;1358
professeur;giáo viên;nom / danh từ;1359
surveiller;để xem;verbe / động từ;1360
visible;dễ thấy;adjectif / tính từ;1361
perdu;mất;adjectif / tính từ;1362
réserver;để đặt chỗ;verbe / động từ;1363
bas;xuống;adverbe / trạng từ;1364
lien;liên kết;nom / danh từ;1365
queue;đuôi;nom / danh từ;1366
bande;ban nhạc;nom / danh từ;1367
confondre;để nhầm lẫn;verbe / động từ;1368
grain;ngũ cốc;nom / danh từ;1369
mensonge;nói dối;nom / danh từ;1370
dégager;thông thoáng;verbe / động từ;1371
